pic1.jpeg,Rosa Parks’ Granddaughter SLAMS Racist Democrats, Endorses Trump
pic2.jpg,Black Hockey Player FIRED After Raising Fist During National Anthem
-6ubuLGZ_normal.jpg,Yang Jianli said 100 Chinese died in Galwan
R6hMJjx4_normal.jpg,UN has recognized Jammu and Kashmir as a separate country
nrvverg1_400x400.jpg,Bharat Biotech’s VP taking first dose of COVID vaccine ‘Covaxin’
2u_Et7Xg_normal.jpg,India reports record surge of 28,637 new coronavirus cases. All the latest updates
1W_E72cn_normal.png,Google to invest $10 billion in #India.
T4tYT9xR_400x400.jpeg,Political Crisis Live: After Rajasthan CLP, MLAs taken to Jaipur's Fairmont hotel in buses
K3ScIGzd_normal.jpg,Bollywood's Aishwarya Rai Bachchan, daughter coronavirus positive
xX66NSZP_400x400.jpg,During our interaction,  @sundarpichai  and I spoke about the new work culture that is emerging in the times of COVID-19. We discussed the challenges the global pandemic has brought to areas such as sports. We also talked about the importance of data security and cyber safety.
rQmEMLzZ_400x400.jpg,Factcheck: Rahul Gandhi passes off Congress functionaries as ordinary Ladhakis  to slam PM MOdi


